brand,generic,source,status
,dapagliflozin,TODO-VERIFY: Member B adds the brand names sold in India from the CDSCO or manufacturer label; none is written here until checked,TODO-VERIFY
,empagliflozin,TODO-VERIFY: Member B adds the brand names sold in India from the CDSCO or manufacturer label; none is written here until checked,TODO-VERIFY
,canagliflozin,TODO-VERIFY: Member B adds the brand names sold in India from the CDSCO or manufacturer label; none is written here until checked,TODO-VERIFY
,sitagliptin,TODO-VERIFY: Member B adds the brand names sold in India from the CDSCO or manufacturer label; none is written here until checked,TODO-VERIFY
,saxagliptin,TODO-VERIFY: Member B adds the brand names sold in India from the CDSCO or manufacturer label; none is written here until checked,TODO-VERIFY
,alogliptin,TODO-VERIFY: Member B adds the brand names sold in India from the CDSCO or manufacturer label; none is written here until checked,TODO-VERIFY
,linagliptin,TODO-VERIFY: Member B adds the brand names sold in India from the CDSCO or manufacturer label; none is written here until checked,TODO-VERIFY
,vildagliptin,TODO-VERIFY: Member B adds the brand names sold in India from the CDSCO or manufacturer label; none is written here until checked,TODO-VERIFY
,gliclazide,TODO-VERIFY: Member B adds the brand names sold in India from the CDSCO or manufacturer label; none is written here until checked,TODO-VERIFY
,glibenclamide,TODO-VERIFY: Member B adds the brand names sold in India from the CDSCO or manufacturer label; none is written here until checked,TODO-VERIFY
,glimepiride,TODO-VERIFY: Member B adds the brand names sold in India from the CDSCO or manufacturer label; none is written here until checked,TODO-VERIFY
