level,option,n,share,coverage_95,mean_ci_width
Moderate,SGLT2i,37509,0.3167,0.9484,0.2099
Moderate,DPP4i,35746,0.3019,0.9442,0.2681
Moderate,SU,36357,0.3070,0.9408,0.2620
Moderate,all,109612,0.9256,0.9445,0.2462
Low,SGLT2i,883,0.0075,0.9264,0.2925
Low,DPP4i,3369,0.0284,0.9478,0.3916
Low,SU,2703,0.0228,0.9282,0.4367
Low,all,6955,0.0587,0.9375,0.3966
Insufficient,SGLT2i,27,0.0002,0.9630,0.2934
Insufficient,DPP4i,885,0.0075,0.9548,0.7998
Insufficient,SU,940,0.0079,0.9053,0.5966
Insufficient,all,1852,0.0156,0.9298,0.6893
