split,model,metric,diff,ci_low,ci_high,wins,losses,ties,n
dev,bge-small-en-v1.5,recall_at_5,0.0000,0.0000,0.0000,0,0,30,30
dev,bge-small-en-v1.5,mrr,0.0250,-0.0167,0.0778,3,2,25,30
dev,bge-small-en-v1.5,ndcg_at_5,0.0065,-0.0225,0.0422,4,3,23,30
heldout,bge-small-en-v1.5,recall_at_5,0.0000,0.0000,0.0000,0,0,15,15
heldout,bge-small-en-v1.5,mrr,0.0444,0.0000,0.1222,2,0,13,15
heldout,bge-small-en-v1.5,ndcg_at_5,0.0163,-0.0043,0.0487,2,1,12,15
all,bge-small-en-v1.5,recall_at_5,0.0000,0.0000,0.0000,0,0,45,45
all,bge-small-en-v1.5,mrr,0.0315,-0.0037,0.0741,5,2,38,45
all,bge-small-en-v1.5,ndcg_at_5,0.0098,-0.0120,0.0359,6,4,35,45
dev,pubmedbert-base-embeddings,recall_at_5,0.0333,0.0000,0.1000,1,0,29,30
dev,pubmedbert-base-embeddings,mrr,0.0150,-0.0489,0.0778,4,4,22,30
dev,pubmedbert-base-embeddings,ndcg_at_5,0.0207,-0.0307,0.0704,6,4,20,30
heldout,pubmedbert-base-embeddings,recall_at_5,0.0000,0.0000,0.0000,0,0,15,15
heldout,pubmedbert-base-embeddings,mrr,0.0333,0.0000,0.1000,1,0,14,15
heldout,pubmedbert-base-embeddings,ndcg_at_5,0.0090,-0.0469,0.0738,1,1,13,15
all,pubmedbert-base-embeddings,recall_at_5,0.0222,0.0000,0.0667,1,0,44,45
all,pubmedbert-base-embeddings,mrr,0.0211,-0.0241,0.0711,5,4,36,45
all,pubmedbert-base-embeddings,ndcg_at_5,0.0168,-0.0224,0.0570,7,5,33,45
