split,variant,metric,diff,ci_low,ci_high,wins,losses,ties,n
train,after,recall_at_5,0.0000,0.0000,0.0000,0,0,30,30
train,after,mrr,0.0122,-0.0172,0.0528,2,3,25,30
train,after,ndcg_at_5,0.0090,-0.0097,0.0375,3,3,24,30
train,after,abstention_accuracy,0.0000,0.0000,0.0000,0,0,7,7
heldout,after,recall_at_5,0.0000,0.0000,0.0000,0,0,15,15
heldout,after,mrr,0.0333,0.0000,0.1000,1,0,14,15
heldout,after,ndcg_at_5,0.0151,0.0000,0.0453,1,0,14,15
heldout,after,abstention_accuracy,0.0000,0.0000,0.0000,0,0,3,3
all,after,recall_at_5,0.0000,0.0000,0.0000,0,0,45,45
all,after,mrr,0.0193,-0.0085,0.0556,3,3,39,45
all,after,ndcg_at_5,0.0110,-0.0046,0.0335,4,3,38,45
all,after,abstention_accuracy,0.0000,0.0000,0.0000,0,0,10,10
train,after+dense:bge-small-en-v1.5,recall_at_5,0.0000,0.0000,0.0000,0,0,30,30
train,after+dense:bge-small-en-v1.5,mrr,0.0528,0.0056,0.1139,5,1,24,30
train,after+dense:bge-small-en-v1.5,ndcg_at_5,0.0123,-0.0149,0.0478,5,4,21,30
train,after+dense:bge-small-en-v1.5,abstention_accuracy,0.0000,0.0000,0.0000,0,0,7,7
heldout,after+dense:bge-small-en-v1.5,recall_at_5,0.0000,0.0000,0.0000,0,0,15,15
heldout,after+dense:bge-small-en-v1.5,mrr,0.0556,-0.0222,0.1556,2,1,12,15
heldout,after+dense:bge-small-en-v1.5,ndcg_at_5,0.0214,-0.0175,0.0667,2,1,12,15
heldout,after+dense:bge-small-en-v1.5,abstention_accuracy,0.0000,0.0000,0.0000,0,0,3,3
all,after+dense:bge-small-en-v1.5,recall_at_5,0.0000,0.0000,0.0000,0,0,45,45
all,after+dense:bge-small-en-v1.5,mrr,0.0537,0.0093,0.1037,7,2,36,45
all,after+dense:bge-small-en-v1.5,ndcg_at_5,0.0153,-0.0083,0.0433,7,5,33,45
all,after+dense:bge-small-en-v1.5,abstention_accuracy,0.0000,0.0000,0.0000,0,0,10,10
train,after+dense:pubmedbert-base-embeddings,recall_at_5,0.0000,0.0000,0.0000,0,0,30,30
train,after+dense:pubmedbert-base-embeddings,mrr,0.0361,-0.0056,0.0917,3,1,26,30
train,after+dense:pubmedbert-base-embeddings,ndcg_at_5,0.0176,-0.0180,0.0623,4,2,24,30
train,after+dense:pubmedbert-base-embeddings,abstention_accuracy,0.0000,0.0000,0.0000,0,0,7,7
heldout,after+dense:pubmedbert-base-embeddings,recall_at_5,-0.0667,-0.2000,0.0000,0,1,14,15
heldout,after+dense:pubmedbert-base-embeddings,mrr,0.0333,-0.0667,0.1667,2,1,12,15
heldout,after+dense:pubmedbert-base-embeddings,ndcg_at_5,-0.0024,-0.1230,0.0889,2,1,12,15
heldout,after+dense:pubmedbert-base-embeddings,abstention_accuracy,0.0000,0.0000,0.0000,0,0,3,3
all,after+dense:pubmedbert-base-embeddings,recall_at_5,-0.0222,-0.0667,0.0000,0,1,44,45
all,after+dense:pubmedbert-base-embeddings,mrr,0.0352,-0.0130,0.0852,5,2,38,45
all,after+dense:pubmedbert-base-embeddings,ndcg_at_5,0.0109,-0.0336,0.0542,6,3,36,45
all,after+dense:pubmedbert-base-embeddings,abstention_accuracy,0.0000,0.0000,0.0000,0,0,10,10
