version,metric,comparison,mean,ci_low,ci_high,n_reps
A,abstention_rate,all,0,0,0,20
A,answered_when_thin,all,1,1,1,20
A,answered_when_thin_pairs,all,1,1,1,20
A,best_pick_rate,all,0.8112,0.776914,0.845486,20
A,drug_columns_share,SGLT2i-DPP4i,0.762223,0.748487,0.775958,20
A,drug_columns_share,SGLT2i-SU,0.530399,0.509691,0.551108,20
A,drug_columns_share,SU-DPP4i,0.759424,0.749209,0.769639,20
A,effect_bias,SGLT2i-DPP4i,0.0137486,0.00523053,0.0222666,20
A,effect_bias,SGLT2i-SU,-0.0100796,-0.0208819,0.000722792,20
A,effect_bias,SU-DPP4i,0.0238281,0.0131406,0.0345157,20
A,excluded_by_rules_rate,all,0.013175,0.0125396,0.0138104,20
A,modifier_precision_at_k,SGLT2i-DPP4i,0.95,0.877974,1.02203,20
A,modifier_precision_at_k,SGLT2i-SU,0.983333,0.94845,1.01822,20
A,modifier_precision_at_k,SU-DPP4i,0.925,0.839272,1.01073,20
A,modifier_spearman,SGLT2i-DPP4i,0.660052,0.646255,0.67385,20
A,modifier_spearman,SGLT2i-SU,0.774739,0.760377,0.789101,20
A,modifier_spearman,SU-DPP4i,0.667795,0.653571,0.682019,20
A,pehe,SGLT2i-DPP4i,0.103316,0.0965404,0.110092,20
A,pehe,SGLT2i-SU,0.110409,0.103356,0.117461,20
A,pehe,SU-DPP4i,0.103514,0.0956738,0.111355,20
A,pehe_not_thin,SGLT2i-DPP4i,0.0985971,0.0925141,0.10468,20
A,pehe_not_thin,SGLT2i-SU,0.109817,0.102725,0.11691,20
A,pehe_not_thin,SU-DPP4i,0.0989869,0.091506,0.106468,20
A,pehe_thin,SGLT2i-DPP4i,0.176194,0.156174,0.196214,20
A,pehe_thin,SGLT2i-SU,0.122679,0.113373,0.131985,20
A,pehe_thin,SU-DPP4i,0.173286,0.154721,0.191851,20
A,pred_rmse,all,0.0931088,0.0896216,0.096596,20
A,pred_rmse_all_options,all,0.0988369,0.0952995,0.102374,20
A,regret,all,0.0126418,0.00835571,0.0169279,20
A,shap_lime_spearman,SGLT2i-DPP4i,0.668336,0.61162,0.725053,20
A,shap_lime_spearman,SGLT2i-SU,0.692932,0.654855,0.731009,20
A,shap_lime_spearman,SU-DPP4i,0.632416,0.577371,0.68746,20
A,shap_lime_top3_jaccard,SGLT2i-DPP4i,0.62805,0.568599,0.687501,20
A,shap_lime_top3_jaccard,SGLT2i-SU,0.7161,0.634741,0.797459,20
A,shap_lime_top3_jaccard,SU-DPP4i,0.58145,0.51032,0.65258,20
A,thin_share,all,0.04325,0.040547,0.045953,20
B,abstention_rate,all,0.0156381,0.0139409,0.0173352,20
B,answered_when_thin,all,1,1,1,20
B,answered_when_thin_pairs,all,0.127891,0.0932814,0.1625,20
B,best_pick_rate,all,0.827224,0.807843,0.846605,20
B,coverage,SGLT2i-DPP4i,0.944075,0.917786,0.970364,20
B,coverage,SGLT2i-SU,0.9271,0.903236,0.950964,20
B,coverage,SU-DPP4i,0.9472,0.928062,0.966338,20
B,effect_bias,SGLT2i-DPP4i,0.00160509,-0.00958205,0.0127922,20
B,effect_bias,SGLT2i-SU,0.00564492,-0.00837514,0.019665,20
B,effect_bias,SU-DPP4i,-0.00403983,-0.0163781,0.00829842,20
B,pehe,SGLT2i-DPP4i,0.104791,0.0933624,0.11622,20
B,pehe,SGLT2i-SU,0.10778,0.0958089,0.119751,20
B,pehe,SU-DPP4i,0.117111,0.104878,0.129345,20
B,pehe_not_thin,SGLT2i-DPP4i,0.101565,0.0908703,0.11226,20
B,pehe_not_thin,SGLT2i-SU,0.103875,0.092545,0.115205,20
B,pehe_not_thin,SU-DPP4i,0.112677,0.101171,0.124184,20
B,pehe_thin,SGLT2i-DPP4i,0.159143,0.130276,0.18801,20
B,pehe_thin,SGLT2i-SU,0.172379,0.145953,0.198806,20
B,pehe_thin,SU-DPP4i,0.188439,0.15903,0.217848,20
B,pred_rmse,all,0.0722929,0.0671729,0.0774129,20
B,regret,all,0.0106256,0.00829738,0.0129539,20
C,abstention_rate,all,0.0156381,0.0139409,0.0173352,20
C,additivity_max_error,SGLT2i-DPP4i,2.80331e-16,2.4127e-16,3.19392e-16,20
C,additivity_max_error,SGLT2i-SU,1.8735e-16,1.5613e-16,2.1857e-16,20
C,additivity_max_error,SU-DPP4i,3.16414e-16,2.78624e-16,3.54203e-16,20
C,answered_when_thin,all,1,1,1,20
C,answered_when_thin_pairs,all,0.127891,0.0932814,0.1625,20
C,best_pick_rate,all,0.827224,0.807843,0.846605,20
C,clear_set_equals_true_modifiers,SGLT2i-DPP4i,0.55,0.311117,0.788883,20
C,clear_set_equals_true_modifiers,SGLT2i-SU,0.25,0.0420791,0.457921,20
C,clear_set_equals_true_modifiers,SU-DPP4i,0.6,0.364764,0.835236,20
C,coverage,SGLT2i-DPP4i,0.944075,0.917786,0.970364,20
C,coverage,SGLT2i-SU,0.9271,0.903236,0.950964,20
C,coverage,SU-DPP4i,0.9472,0.928062,0.966338,20
C,driver_recall,SGLT2i-DPP4i,0.817769,0.680367,0.955171,20
C,driver_recall,SGLT2i-SU,0.773392,0.691276,0.855509,20
C,driver_recall,SU-DPP4i,0.936487,0.862644,1.01033,20
C,effect_bias,SGLT2i-DPP4i,0.00160509,-0.00958205,0.0127922,20
C,effect_bias,SGLT2i-SU,0.00564492,-0.00837514,0.019665,20
C,effect_bias,SU-DPP4i,-0.00403983,-0.0163781,0.00829842,20
C,false_driver_rate,SGLT2i-DPP4i,0.180513,0.0565631,0.304462,19
C,false_driver_rate,SGLT2i-SU,0.168275,0.0910102,0.245539,20
C,false_driver_rate,SU-DPP4i,0.109008,0.0277344,0.190282,20
C,modifier_precision_at_k,SGLT2i-DPP4i,0.875,0.77104,0.97896,20
C,modifier_precision_at_k,SGLT2i-SU,0.783333,0.691736,0.87493,20
C,modifier_precision_at_k,SU-DPP4i,0.975,0.922674,1.02733,20
C,modifier_spearman,SGLT2i-DPP4i,0.624103,0.601003,0.647203,20
C,modifier_spearman,SGLT2i-SU,0.654,0.59033,0.717671,20
C,modifier_spearman,SU-DPP4i,0.635392,0.610883,0.659901,20
C,modifier_top3_overlap,SGLT2i-DPP4i,0.975,0.922674,1.02733,20
C,modifier_top3_overlap,SGLT2i-SU,0.783333,0.691736,0.87493,20
C,modifier_top3_overlap,SU-DPP4i,0.975,0.922674,1.02733,20
C,patients_with_no_clear_driver,SGLT2i-DPP4i,0.05,-0.0546512,0.154651,20
C,patients_with_no_clear_driver,SGLT2i-SU,0,0,0,20
C,patients_with_no_clear_driver,SU-DPP4i,0,0,0,20
C,pehe,SGLT2i-DPP4i,0.104791,0.0933624,0.11622,20
C,pehe,SGLT2i-SU,0.10778,0.0958089,0.119751,20
C,pehe,SU-DPP4i,0.117111,0.104878,0.129345,20
C,pehe_not_thin,SGLT2i-DPP4i,0.101565,0.0908703,0.11226,20
C,pehe_not_thin,SGLT2i-SU,0.103875,0.092545,0.115205,20
C,pehe_not_thin,SU-DPP4i,0.112677,0.101171,0.124184,20
C,pehe_thin,SGLT2i-DPP4i,0.159143,0.130276,0.18801,20
C,pehe_thin,SGLT2i-SU,0.172379,0.145953,0.198806,20
C,pehe_thin,SU-DPP4i,0.188439,0.15903,0.217848,20
C,pred_rmse,all,0.0722929,0.0671729,0.0774129,20
C,regret,all,0.0106256,0.00829738,0.0129539,20
C,slope_interval_coverage,SGLT2i-DPP4i,0.95,0.915578,0.984422,20
C,slope_interval_coverage,SGLT2i-SU,0.9375,0.912591,0.962409,20
C,slope_interval_coverage,SU-DPP4i,0.9625,0.935732,0.989268,20
D,abstention_rate,all,0.0156381,0.0139409,0.0173352,20
D,additivity_max_error,SGLT2i-DPP4i,2.80331e-16,2.4127e-16,3.19392e-16,20
D,additivity_max_error,SGLT2i-SU,1.8735e-16,1.5613e-16,2.1857e-16,20
D,additivity_max_error,SU-DPP4i,3.16414e-16,2.78624e-16,3.54203e-16,20
D,answered_when_thin,all,1,1,1,20
D,answered_when_thin_pairs,all,0.127891,0.0932814,0.1625,20
D,best_pick_rate,all,0.827224,0.807843,0.846605,20
D,clear_set_equals_true_modifiers,SGLT2i-DPP4i,0.55,0.311117,0.788883,20
D,clear_set_equals_true_modifiers,SGLT2i-SU,0.25,0.0420791,0.457921,20
D,clear_set_equals_true_modifiers,SU-DPP4i,0.6,0.364764,0.835236,20
D,coverage,SGLT2i-DPP4i,0.944075,0.917786,0.970364,20
D,coverage,SGLT2i-SU,0.9271,0.903236,0.950964,20
D,coverage,SU-DPP4i,0.9472,0.928062,0.966338,20
D,driver_recall,SGLT2i-DPP4i,0.817769,0.680367,0.955171,20
D,driver_recall,SGLT2i-SU,0.773392,0.691276,0.855509,20
D,driver_recall,SU-DPP4i,0.936487,0.862644,1.01033,20
D,effect_bias,SGLT2i-DPP4i,0.00160509,-0.00958205,0.0127922,20
D,effect_bias,SGLT2i-SU,0.00564492,-0.00837514,0.019665,20
D,effect_bias,SU-DPP4i,-0.00403983,-0.0163781,0.00829842,20
D,false_driver_rate,SGLT2i-DPP4i,0.180513,0.0565631,0.304462,19
D,false_driver_rate,SGLT2i-SU,0.168275,0.0910102,0.245539,20
D,false_driver_rate,SU-DPP4i,0.109008,0.0277344,0.190282,20
D,modifier_precision_at_k,SGLT2i-DPP4i,0.875,0.77104,0.97896,20
D,modifier_precision_at_k,SGLT2i-SU,0.783333,0.691736,0.87493,20
D,modifier_precision_at_k,SU-DPP4i,0.975,0.922674,1.02733,20
D,modifier_spearman,SGLT2i-DPP4i,0.624103,0.601003,0.647203,20
D,modifier_spearman,SGLT2i-SU,0.654,0.59033,0.717671,20
D,modifier_spearman,SU-DPP4i,0.635392,0.610883,0.659901,20
D,modifier_top3_overlap,SGLT2i-DPP4i,0.975,0.922674,1.02733,20
D,modifier_top3_overlap,SGLT2i-SU,0.783333,0.691736,0.87493,20
D,modifier_top3_overlap,SU-DPP4i,0.975,0.922674,1.02733,20
D,patients_with_no_clear_driver,SGLT2i-DPP4i,0.05,-0.0546512,0.154651,20
D,patients_with_no_clear_driver,SGLT2i-SU,0,0,0,20
D,patients_with_no_clear_driver,SU-DPP4i,0,0,0,20
D,pehe,SGLT2i-DPP4i,0.104791,0.0933624,0.11622,20
D,pehe,SGLT2i-SU,0.10778,0.0958089,0.119751,20
D,pehe,SU-DPP4i,0.117111,0.104878,0.129345,20
D,pehe_not_thin,SGLT2i-DPP4i,0.101565,0.0908703,0.11226,20
D,pehe_not_thin,SGLT2i-SU,0.103875,0.092545,0.115205,20
D,pehe_not_thin,SU-DPP4i,0.112677,0.101171,0.124184,20
D,pehe_thin,SGLT2i-DPP4i,0.159143,0.130276,0.18801,20
D,pehe_thin,SGLT2i-SU,0.172379,0.145953,0.198806,20
D,pehe_thin,SU-DPP4i,0.188439,0.15903,0.217848,20
D,pred_rmse,all,0.0722929,0.0671729,0.0774129,20
D,regret,all,0.0106256,0.00829738,0.0129539,20
D,slope_interval_coverage,SGLT2i-DPP4i,0.95,0.915578,0.984422,20
D,slope_interval_coverage,SGLT2i-SU,0.9375,0.912591,0.962409,20
D,slope_interval_coverage,SU-DPP4i,0.9625,0.935732,0.989268,20
D,citation_precision,all,1,,,0
D,retrieval_recall_at_5,all,0.956,,,0
D,number_match_pass,all,0.35,,,0
D,fallback_rate,all,0.7,,,0
D,driver_passage_hit_rate,all,,,,0
