preset,comparison,base,estimate,feature,value,mean,slope_per_unit,phi,ci_low,ci_high,clear,shown
typical,SGLT2i-DPP4i,-0.208004,-0.223227,age,52,54.9518,-0.00379896,0.0112138,-0.00715369,0.0295812,0,0
typical,SGLT2i-DPP4i,-0.208004,-0.223227,female,0,0.4448,0.0709899,-0.0315763,-0.0769882,0.0138355,0,0
typical,SGLT2i-DPP4i,-0.208004,-0.223227,duration_years,5,6.94406,-0.0031721,0.00616676,-0.0145803,0.0269138,0,0
typical,SGLT2i-DPP4i,-0.208004,-0.223227,hba1c,8.4,8.61646,-0.075415,0.0163243,0.00428388,0.0283648,1,1
typical,SGLT2i-DPP4i,-0.208004,-0.223227,egfr,88,82.1754,-0.00649943,-0.0378566,-0.0575978,-0.0181153,1,1
typical,SGLT2i-DPP4i,-0.208004,-0.223227,bmi,27,26.482,-0.00246982,-0.00127937,-0.00838644,0.0058277,0,0
typical,SGLT2i-DPP4i,-0.208004,-0.223227,ascvd,0,0.1586,0.0299398,-0.00474845,-0.0262015,0.0167046,0,0
typical,SGLT2i-DPP4i,-0.208004,-0.223227,hf,0,0.0472,0.00159516,-7.52914e-05,-0.0128416,0.012691,0,0
typical,SGLT2i-DPP4i,-0.208004,-0.223227,hypo_history,0,0.0788,0.0266238,-0.00209796,-0.0158527,0.0116567,0,0
typical,SGLT2i-DPP4i,-0.208004,-0.223227,dka_history,0,0.0114,-0.385633,0.00439621,-0.00390012,0.0126925,0,0
typical,SGLT2i-DPP4i,-0.208004,-0.223227,pancreatitis_history,0,0.0186,-0.162305,0.00301887,-0.00549972,0.0115375,0,0
typical,SGLT2i-DPP4i,-0.208004,-0.223227,low_income,0,0.3994,-0.0533066,0.0212907,-0.0221797,0.064761,0,0
typical,SU-DPP4i,-0.245818,-0.235031,age,52,54.9518,-0.00342799,0.0101187,-0.00777844,0.0280159,0,0
typical,SU-DPP4i,-0.245818,-0.235031,female,0,0.4448,0.0204211,-0.00908331,-0.0553022,0.0371356,0,0
typical,SU-DPP4i,-0.245818,-0.235031,duration_years,5,6.94406,0.0156497,-0.030424,-0.0517491,-0.00909901,1,1
typical,SU-DPP4i,-0.245818,-0.235031,hba1c,8.4,8.61646,-0.135996,0.0294377,0.016792,0.0420834,1,1
typical,SU-DPP4i,-0.245818,-0.235031,egfr,88,82.1754,-0.00269436,-0.0156935,-0.0330073,0.00162025,0,0
typical,SU-DPP4i,-0.245818,-0.235031,bmi,27,26.482,-0.00507333,-0.00262798,-0.00940321,0.00414724,0,0
typical,SU-DPP4i,-0.245818,-0.235031,ascvd,0,0.1586,-0.0074286,0.00117818,-0.0253112,0.0276676,0,0
typical,SU-DPP4i,-0.245818,-0.235031,hf,0,0.0472,0.0729329,-0.00344243,-0.0167034,0.00981848,0,0
typical,SU-DPP4i,-0.245818,-0.235031,hypo_history,0,0.0788,0.0706106,-0.00556411,-0.0221331,0.0110049,0,0
typical,SU-DPP4i,-0.245818,-0.235031,dka_history,0,0.0114,-0.0523301,0.000596563,-0.00409348,0.00528661,0,0
typical,SU-DPP4i,-0.245818,-0.235031,pancreatitis_history,0,0.0186,-0.10748,0.00199913,-0.00836263,0.0123609,0,0
typical,SU-DPP4i,-0.245818,-0.235031,low_income,0,0.3994,-0.0858604,0.0342926,-0.00772231,0.0763076,0,0
typical,SGLT2i-SU,0.037814,0.0118032,age,52,54.9518,-0.000370975,0.00109504,-0.0170821,0.0192722,0,0
typical,SGLT2i-SU,0.037814,0.0118032,female,0,0.4448,0.0505688,-0.022493,-0.0669748,0.0219888,0,0
typical,SGLT2i-SU,0.037814,0.0118032,duration_years,5,6.94406,-0.0188218,0.0365908,0.0176045,0.055577,1,1
typical,SGLT2i-SU,0.037814,0.0118032,hba1c,8.4,8.61646,0.0605811,-0.0131134,-0.0230793,-0.00314749,1,1
typical,SGLT2i-SU,0.037814,0.0118032,egfr,88,82.1754,-0.00380507,-0.022163,-0.0420291,-0.00229696,1,1
typical,SGLT2i-SU,0.037814,0.0118032,bmi,27,26.482,0.00260351,0.00134862,-0.00580356,0.0085008,0,0
typical,SGLT2i-SU,0.037814,0.0118032,ascvd,0,0.1586,0.0373684,-0.00592662,-0.0288807,0.0170275,0,0
typical,SGLT2i-SU,0.037814,0.0118032,hf,0,0.0472,-0.0713378,0.00336714,-0.00670169,0.013436,0,0
typical,SGLT2i-SU,0.037814,0.0118032,hypo_history,0,0.0788,-0.0439867,0.00346615,-0.0126164,0.0195488,0,0
typical,SGLT2i-SU,0.037814,0.0118032,dka_history,0,0.0114,-0.333303,0.00379965,-0.00439459,0.0119939,0,0
typical,SGLT2i-SU,0.037814,0.0118032,pancreatitis_history,0,0.0186,-0.0548251,0.00101975,-0.00731185,0.00935134,0,0
typical,SGLT2i-SU,0.037814,0.0118032,low_income,0,0.3994,0.0325538,-0.013002,-0.0531747,0.0271708,0,0
egfr40_pancreatitis,SGLT2i-DPP4i,-0.208004,-0.0236902,age,60,54.9518,-0.00379896,-0.0191779,-0.0505901,0.0122343,0,0
egfr40_pancreatitis,SGLT2i-DPP4i,-0.208004,-0.0236902,female,1,0.4448,0.0709899,0.0394136,-0.0172695,0.0960967,0,0
egfr40_pancreatitis,SGLT2i-DPP4i,-0.208004,-0.0236902,duration_years,8,6.94406,-0.0031721,-0.00334955,-0.0146186,0.00791946,0,0
egfr40_pancreatitis,SGLT2i-DPP4i,-0.208004,-0.0236902,hba1c,8.2,8.61646,-0.075415,0.0314073,0.00824201,0.0545727,1,1
egfr40_pancreatitis,SGLT2i-DPP4i,-0.208004,-0.0236902,egfr,40,82.1754,-0.00649943,0.274116,0.131171,0.417061,1,1
egfr40_pancreatitis,SGLT2i-DPP4i,-0.208004,-0.0236902,bmi,25.5,26.482,-0.00246982,0.00242536,-0.0110479,0.0158986,0,0
egfr40_pancreatitis,SGLT2i-DPP4i,-0.208004,-0.0236902,ascvd,0,0.1586,0.0299398,-0.00474845,-0.0262015,0.0167046,0,0
egfr40_pancreatitis,SGLT2i-DPP4i,-0.208004,-0.0236902,hf,0,0.0472,0.00159516,-7.52914e-05,-0.0128416,0.012691,0,0
egfr40_pancreatitis,SGLT2i-DPP4i,-0.208004,-0.0236902,hypo_history,0,0.0788,0.0266238,-0.00209796,-0.0158527,0.0116567,0,0
egfr40_pancreatitis,SGLT2i-DPP4i,-0.208004,-0.0236902,dka_history,0,0.0114,-0.385633,0.00439621,-0.00390012,0.0126925,0,0
egfr40_pancreatitis,SGLT2i-DPP4i,-0.208004,-0.0236902,pancreatitis_history,1,0.0186,-0.162305,-0.159286,-0.608756,0.290184,0,0
egfr40_pancreatitis,SGLT2i-DPP4i,-0.208004,-0.0236902,low_income,0,0.3994,-0.0533066,0.0212907,-0.0221797,0.064761,0,0
egfr40_pancreatitis,SU-DPP4i,-0.245818,-0.138426,age,60,54.9518,-0.00342799,-0.0173052,-0.0479131,0.0133028,0,0
egfr40_pancreatitis,SU-DPP4i,-0.245818,-0.138426,female,1,0.4448,0.0204211,0.0113378,-0.0463527,0.0690283,0,0
egfr40_pancreatitis,SU-DPP4i,-0.245818,-0.138426,duration_years,8,6.94406,0.0156497,0.0165252,0.00494224,0.0281081,1,1
egfr40_pancreatitis,SU-DPP4i,-0.245818,-0.138426,hba1c,8.2,8.61646,-0.135996,0.056637,0.0323071,0.0809668,1,1
egfr40_pancreatitis,SU-DPP4i,-0.245818,-0.138426,egfr,40,82.1754,-0.00269436,0.113636,-0.0117321,0.239003,0,0
egfr40_pancreatitis,SU-DPP4i,-0.245818,-0.138426,bmi,25.5,26.482,-0.00507333,0.00498201,-0.00786214,0.0178262,0,0
egfr40_pancreatitis,SU-DPP4i,-0.245818,-0.138426,ascvd,0,0.1586,-0.0074286,0.00117818,-0.0253112,0.0276676,0,0
egfr40_pancreatitis,SU-DPP4i,-0.245818,-0.138426,hf,0,0.0472,0.0729329,-0.00344243,-0.0167034,0.00981848,0,0
egfr40_pancreatitis,SU-DPP4i,-0.245818,-0.138426,hypo_history,0,0.0788,0.0706106,-0.00556411,-0.0221331,0.0110049,0,0
egfr40_pancreatitis,SU-DPP4i,-0.245818,-0.138426,dka_history,0,0.0114,-0.0523301,0.000596563,-0.00409348,0.00528661,0,0
egfr40_pancreatitis,SU-DPP4i,-0.245818,-0.138426,pancreatitis_history,1,0.0186,-0.10748,-0.105481,-0.652203,0.441241,0,0
egfr40_pancreatitis,SU-DPP4i,-0.245818,-0.138426,low_income,0,0.3994,-0.0858604,0.0342926,-0.00772231,0.0763076,0,0
egfr40_pancreatitis,SGLT2i-SU,0.037814,0.114736,age,60,54.9518,-0.000370975,-0.00187276,-0.0329595,0.029214,0,0
egfr40_pancreatitis,SGLT2i-SU,0.037814,0.114736,female,1,0.4448,0.0505688,0.0280758,-0.0274464,0.083598,0,0
egfr40_pancreatitis,SGLT2i-SU,0.037814,0.114736,duration_years,8,6.94406,-0.0188218,-0.0198747,-0.0301874,-0.00956212,1,1
egfr40_pancreatitis,SGLT2i-SU,0.037814,0.114736,hba1c,8.2,8.61646,0.0605811,-0.0252296,-0.0444036,-0.00605565,1,1
egfr40_pancreatitis,SGLT2i-SU,0.037814,0.114736,egfr,40,82.1754,-0.00380507,0.16048,0.0166321,0.304329,1,1
egfr40_pancreatitis,SGLT2i-SU,0.037814,0.114736,bmi,25.5,26.482,0.00260351,-0.00255665,-0.0161154,0.0110021,0,0
egfr40_pancreatitis,SGLT2i-SU,0.037814,0.114736,ascvd,0,0.1586,0.0373684,-0.00592662,-0.0288807,0.0170275,0,0
egfr40_pancreatitis,SGLT2i-SU,0.037814,0.114736,hf,0,0.0472,-0.0713378,0.00336714,-0.00670169,0.013436,0,0
egfr40_pancreatitis,SGLT2i-SU,0.037814,0.114736,hypo_history,0,0.0788,-0.0439867,0.00346615,-0.0126164,0.0195488,0,0
egfr40_pancreatitis,SGLT2i-SU,0.037814,0.114736,dka_history,0,0.0114,-0.333303,0.00379965,-0.00439459,0.0119939,0,0
egfr40_pancreatitis,SGLT2i-SU,0.037814,0.114736,pancreatitis_history,1,0.0186,-0.0548251,-0.0538053,-0.493409,0.385798,0,0
egfr40_pancreatitis,SGLT2i-SU,0.037814,0.114736,low_income,0,0.3994,0.0325538,-0.013002,-0.0531747,0.0271708,0,0
older_hypo,SGLT2i-DPP4i,-0.208004,0.0577911,age,80,54.9518,-0.00379896,-0.0951571,-0.251019,0.0607043,0,0
older_hypo,SGLT2i-DPP4i,-0.208004,0.0577911,female,0,0.4448,0.0709899,-0.0315763,-0.0769882,0.0138355,0,0
older_hypo,SGLT2i-DPP4i,-0.208004,0.0577911,duration_years,15,6.94406,-0.0031721,-0.0255543,-0.111527,0.0604189,0,0
older_hypo,SGLT2i-DPP4i,-0.208004,0.0577911,hba1c,8,8.61646,-0.075415,0.0464903,0.0122001,0.0807806,1,1
older_hypo,SGLT2i-DPP4i,-0.208004,0.0577911,egfr,38,82.1754,-0.00649943,0.287115,0.137392,0.436838,1,1
older_hypo,SGLT2i-DPP4i,-0.208004,0.0577911,bmi,24,26.482,-0.00246982,0.00613009,-0.0279235,0.0401837,0,0
older_hypo,SGLT2i-DPP4i,-0.208004,0.0577911,ascvd,1,0.1586,0.0299398,0.0251913,-0.0886205,0.139003,0,0
older_hypo,SGLT2i-DPP4i,-0.208004,0.0577911,hf,0,0.0472,0.00159516,-7.52914e-05,-0.0128416,0.012691,0,0
older_hypo,SGLT2i-DPP4i,-0.208004,0.0577911,hypo_history,1,0.0788,0.0266238,0.0245259,-0.136271,0.185323,0,0
older_hypo,SGLT2i-DPP4i,-0.208004,0.0577911,dka_history,0,0.0114,-0.385633,0.00439621,-0.00390012,0.0126925,0,0
older_hypo,SGLT2i-DPP4i,-0.208004,0.0577911,pancreatitis_history,0,0.0186,-0.162305,0.00301887,-0.00549972,0.0115375,0,0
older_hypo,SGLT2i-DPP4i,-0.208004,0.0577911,low_income,0,0.3994,-0.0533066,0.0212907,-0.0221797,0.064761,0,0
older_hypo,SU-DPP4i,-0.245818,0.0930014,age,80,54.9518,-0.00342799,-0.0858649,-0.237735,0.0660058,0,0
older_hypo,SU-DPP4i,-0.245818,0.0930014,female,0,0.4448,0.0204211,-0.00908331,-0.0553022,0.0371356,0,0
older_hypo,SU-DPP4i,-0.245818,0.0930014,duration_years,15,6.94406,0.0156497,0.126073,0.0377052,0.214442,1,1
older_hypo,SU-DPP4i,-0.245818,0.0930014,hba1c,8,8.61646,-0.135996,0.0838362,0.0478223,0.11985,1,1
older_hypo,SU-DPP4i,-0.245818,0.0930014,egfr,38,82.1754,-0.00269436,0.119024,-0.0122884,0.250337,0,0
older_hypo,SU-DPP4i,-0.245818,0.0930014,bmi,24,26.482,-0.00507333,0.012592,-0.0198715,0.0450555,0,0
older_hypo,SU-DPP4i,-0.245818,0.0930014,ascvd,1,0.1586,-0.0074286,-0.00625042,-0.146781,0.13428,0,0
older_hypo,SU-DPP4i,-0.245818,0.0930014,hf,0,0.0472,0.0729329,-0.00344243,-0.0167034,0.00981848,0,0
older_hypo,SU-DPP4i,-0.245818,0.0930014,hypo_history,1,0.0788,0.0706106,0.0650464,-0.128651,0.258744,0,0
older_hypo,SU-DPP4i,-0.245818,0.0930014,dka_history,0,0.0114,-0.0523301,0.000596563,-0.00409348,0.00528661,0,0
older_hypo,SU-DPP4i,-0.245818,0.0930014,pancreatitis_history,0,0.0186,-0.10748,0.00199913,-0.00836263,0.0123609,0,0
older_hypo,SU-DPP4i,-0.245818,0.0930014,low_income,0,0.3994,-0.0858604,0.0342926,-0.00772231,0.0763076,0,0
older_hypo,SGLT2i-SU,0.037814,-0.0352103,age,80,54.9518,-0.000370975,-0.00929226,-0.163539,0.144954,0,0
older_hypo,SGLT2i-SU,0.037814,-0.0352103,female,0,0.4448,0.0505688,-0.022493,-0.0669748,0.0219888,0,0
older_hypo,SGLT2i-SU,0.037814,-0.0352103,duration_years,15,6.94406,-0.0188218,-0.151628,-0.230304,-0.072951,1,1
older_hypo,SGLT2i-SU,0.037814,-0.0352103,hba1c,8,8.61646,0.0605811,-0.0373458,-0.0657279,-0.0089638,1,1
older_hypo,SGLT2i-SU,0.037814,-0.0352103,egfr,38,82.1754,-0.00380507,0.168091,0.0174208,0.31876,1,1
older_hypo,SGLT2i-SU,0.037814,-0.0352103,bmi,24,26.482,0.00260351,-0.00646192,-0.0407316,0.0278078,0,0
older_hypo,SGLT2i-SU,0.037814,-0.0352103,ascvd,1,0.1586,0.0373684,0.0314417,-0.0903336,0.153217,0,0
older_hypo,SGLT2i-SU,0.037814,-0.0352103,hf,0,0.0472,-0.0713378,0.00336714,-0.00670169,0.013436,0,0
older_hypo,SGLT2i-SU,0.037814,-0.0352103,hypo_history,1,0.0788,-0.0439867,-0.0405206,-0.228532,0.147491,0,0
older_hypo,SGLT2i-SU,0.037814,-0.0352103,dka_history,0,0.0114,-0.333303,0.00379965,-0.00439459,0.0119939,0,0
older_hypo,SGLT2i-SU,0.037814,-0.0352103,pancreatitis_history,0,0.0186,-0.0548251,0.00101975,-0.00731185,0.00935134,0,0
older_hypo,SGLT2i-SU,0.037814,-0.0352103,low_income,0,0.3994,0.0325538,-0.013002,-0.0531747,0.0271708,0,0
