scope,preset,comparison,feature,patient_value,phi,mean_abs_phi
preset,typical,SGLT2i-DPP4i,age,52,-0.000826828,
preset,typical,SGLT2i-DPP4i,female,0,0,
preset,typical,SGLT2i-DPP4i,duration_years,5,-0.000225703,
preset,typical,SGLT2i-DPP4i,hba1c,8.4,-0.0173315,
preset,typical,SGLT2i-DPP4i,egfr,88,-0.00547455,
preset,typical,SGLT2i-DPP4i,bmi,27,-0.000122514,
preset,typical,SGLT2i-DPP4i,ascvd,0,-7.38814e-06,
preset,typical,SGLT2i-DPP4i,hf,0,0,
preset,typical,SGLT2i-DPP4i,hypo_history,0,0,
preset,typical,SGLT2i-DPP4i,dka_history,0,0,
preset,typical,SGLT2i-DPP4i,pancreatitis_history,0,0,
preset,typical,SGLT2i-DPP4i,low_income,0,0.00127768,
preset,typical,SGLT2i-DPP4i,drug (prescribing mix),,-0.223541,
preset,typical,SU-DPP4i,age,52,-0.000901233,
preset,typical,SU-DPP4i,female,0,0,
preset,typical,SU-DPP4i,duration_years,5,-0.0077302,
preset,typical,SU-DPP4i,hba1c,8.4,-0.0177426,
preset,typical,SU-DPP4i,egfr,88,-0.00372141,
preset,typical,SU-DPP4i,bmi,27,-0.000206657,
preset,typical,SU-DPP4i,ascvd,0,0,
preset,typical,SU-DPP4i,hf,0,0,
preset,typical,SU-DPP4i,hypo_history,0,0,
preset,typical,SU-DPP4i,dka_history,0,0,
preset,typical,SU-DPP4i,pancreatitis_history,0,0,
preset,typical,SU-DPP4i,low_income,0,0.00145479,
preset,typical,SU-DPP4i,drug (prescribing mix),,-0.241967,
preset,typical,SGLT2i-SU,age,52,7.4405e-05,
preset,typical,SGLT2i-SU,female,0,0,
preset,typical,SGLT2i-SU,duration_years,5,0.0075045,
preset,typical,SGLT2i-SU,hba1c,8.4,0.000411126,
preset,typical,SGLT2i-SU,egfr,88,-0.00175314,
preset,typical,SGLT2i-SU,bmi,27,8.41431e-05,
preset,typical,SGLT2i-SU,ascvd,0,-7.38814e-06,
preset,typical,SGLT2i-SU,hf,0,0,
preset,typical,SGLT2i-SU,hypo_history,0,0,
preset,typical,SGLT2i-SU,dka_history,0,0,
preset,typical,SGLT2i-SU,pancreatitis_history,0,0,
preset,typical,SGLT2i-SU,low_income,0,-0.000177111,
preset,typical,SGLT2i-SU,drug (prescribing mix),,0.0184265,
preset,egfr40_pancreatitis,SU-DPP4i,age,60,-0.000746696,
preset,egfr40_pancreatitis,SU-DPP4i,female,1,0,
preset,egfr40_pancreatitis,SU-DPP4i,duration_years,8,0.00300456,
preset,egfr40_pancreatitis,SU-DPP4i,hba1c,8.2,0.0318783,
preset,egfr40_pancreatitis,SU-DPP4i,egfr,40,0.0205727,
preset,egfr40_pancreatitis,SU-DPP4i,bmi,25.5,-0.000206657,
preset,egfr40_pancreatitis,SU-DPP4i,ascvd,0,0,
preset,egfr40_pancreatitis,SU-DPP4i,hf,0,0,
preset,egfr40_pancreatitis,SU-DPP4i,hypo_history,0,0,
preset,egfr40_pancreatitis,SU-DPP4i,dka_history,0,0,
preset,egfr40_pancreatitis,SU-DPP4i,pancreatitis_history,1,0,
preset,egfr40_pancreatitis,SU-DPP4i,low_income,0,0.00513157,
preset,egfr40_pancreatitis,SU-DPP4i,drug (prescribing mix),,-0.158653,
preset,older_hypo,SU-DPP4i,age,80,0.00371865,
preset,older_hypo,SU-DPP4i,female,0,0,
preset,older_hypo,SU-DPP4i,duration_years,15,0.00934862,
preset,older_hypo,SU-DPP4i,hba1c,8,0.031486,
preset,older_hypo,SU-DPP4i,egfr,38,0.0225359,
preset,older_hypo,SU-DPP4i,bmi,24,-0.000206657,
preset,older_hypo,SU-DPP4i,ascvd,1,0,
preset,older_hypo,SU-DPP4i,hf,0,0,
preset,older_hypo,SU-DPP4i,hypo_history,1,0,
preset,older_hypo,SU-DPP4i,dka_history,0,0,
preset,older_hypo,SU-DPP4i,pancreatitis_history,0,0,
preset,older_hypo,SU-DPP4i,low_income,0,0.00653833,
preset,older_hypo,SU-DPP4i,drug (prescribing mix),,-0.14424,
global,,SGLT2i-DPP4i,age,,,0.00247884
global,,SGLT2i-DPP4i,female,,,0
global,,SGLT2i-DPP4i,duration_years,,,0.00291317
global,,SGLT2i-DPP4i,hba1c,,,0.0307105
global,,SGLT2i-DPP4i,egfr,,,0.0156257
global,,SGLT2i-DPP4i,bmi,,,0.000733689
global,,SGLT2i-DPP4i,ascvd,,,4.62821e-05
global,,SGLT2i-DPP4i,hf,,,0
global,,SGLT2i-DPP4i,hypo_history,,,0
global,,SGLT2i-DPP4i,dka_history,,,0
global,,SGLT2i-DPP4i,pancreatitis_history,,,0
global,,SGLT2i-DPP4i,low_income,,,0.00320091
global,,SU-DPP4i,age,,,0.00252722
global,,SU-DPP4i,female,,,0
global,,SU-DPP4i,duration_years,,,0.00868043
global,,SU-DPP4i,hba1c,,,0.0430284
global,,SU-DPP4i,egfr,,,0.0110641
global,,SU-DPP4i,bmi,,,0.000407103
global,,SU-DPP4i,ascvd,,,0
global,,SU-DPP4i,hf,,,0
global,,SU-DPP4i,hypo_history,,,0
global,,SU-DPP4i,dka_history,,,0
global,,SU-DPP4i,pancreatitis_history,,,0
global,,SU-DPP4i,low_income,,,0.00381413
global,,SGLT2i-SU,age,,,0.000981187
global,,SGLT2i-SU,female,,,0
global,,SGLT2i-SU,duration_years,,,0.00851222
global,,SGLT2i-SU,hba1c,,,0.0140765
global,,SGLT2i-SU,egfr,,,0.00572899
global,,SGLT2i-SU,bmi,,,0.000493672
global,,SGLT2i-SU,ascvd,,,4.62821e-05
global,,SGLT2i-SU,hf,,,0
global,,SGLT2i-SU,hypo_history,,,0
global,,SGLT2i-SU,dka_history,,,0
global,,SGLT2i-SU,pancreatitis_history,,,0
global,,SGLT2i-SU,low_income,,,0.000613227
